x,y,z,gene
524,1641,101,bc2
534,1640,101,bc2
535,1633,101,bc2
530,1622,102,bc2
527,1618,104,bc2
531,1686,154,bc2
536,1689,154,bc2
551,1683,155,bc2
535,1694,155,bc2
511,1857,165,bc2
499,1845,172,bc2
605,1760,179,bc2
523,1711,200,bc2
411,2012,161,bc2
410,2020,163,bc2
425,2035,168,bc2
937,1226,105,bc2
925,1226,106,bc2
926,1218,106,bc2
952,1231,107,bc2
961,1241,106,bc2
918,1225,107,bc2
933,1237,107,bc2
927,1209,108,bc2
946,1214,108,bc2
891,1282,109,bc2
902,1256,109,bc2
928,1197,109,bc2
949,1244,110,bc2
967,1226,109,bc2
882,1259,110,bc2
888,1254,110,bc2
891,1252,110,bc2
912,1254,110,bc2
936,1280,110,bc2
974,1239,110,bc2
902,1222,111,bc2
913,1227,111,bc2
912,1259,111,bc2
920,1240,111,bc2
924,1234,111,bc2
925,1256,111,bc2
941,1223,112,bc2
945,1250,111,bc2
959,1215,111,bc2
964,1199,111,bc2
890,1267,113,bc2
896,1215,112,bc2
898,1252,112,bc2
901,1228,112,bc2
915,1237,112,bc2
918,1190,113,bc2
917,1232,112,bc2
923,1224,112,bc2
923,1220,112,bc2
929,1277,112,bc2
930,1243,112,bc2
945,1280,112,bc2
949,1217,112,bc2
952,1233,112,bc2
956,1234,112,bc2
960,1249,112,bc2
969,1254,112,bc2
986,1272,112,bc2
885,1230,113,bc2
890,1284,113,bc2
899,1203,113,bc2
904,1215,113,bc2
906,1236,113,bc2
910,1171,113,bc2
912,1220,113,bc2
912,1240,113,bc2
913,1251,113,bc2
917,1266,113,bc2
918,1227,113,bc2
920,1210,113,bc2
921,1201,113,bc2
922,1250,113,bc2
926,1261,113,bc2
927,1226,113,bc2
928,1239,113,bc2
929,1214,113,bc2
929,1259,116,bc2
930,1208,113,bc2
936,1233,113,bc2
936,1241,113,bc2
938,1206,113,bc2
938,1256,113,bc2
944,1210,113,bc2
944,1267,113,bc2
948,1210,113,bc2
949,1204,113,bc2
957,1238,113,bc2
972,1200,113,bc2
880,1215,115,bc2
894,1205,114,bc2
905,1272,114,bc2
911,1211,114,bc2
912,1230,114,bc2
917,1234,114,bc2
921,1237,114,bc2
930,1173,115,bc2
929,1233,114,bc2
939,1202,114,bc2
938,1211,114,bc2
949,1219,114,bc2
952,1245,114,bc2
956,1229,114,bc2
959,1224,114,bc2
961,1254,114,bc2
961,1259,114,bc2
962,1247,114,bc2
963,1241,114,bc2
974,1245,114,bc2
872,1229,115,bc2
881,1233,115,bc2
886,1258,115,bc2
898,1220,115,bc2
904,1204,115,bc2
909,1260,115,bc2
909,1290,115,bc2
915,1257,115,bc2
920,1244,116,bc2
922,1216,115,bc2
923,1211,115,bc2
926,1177,115,bc2
929,1218,115,bc2
931,1201,115,bc2
932,1211,115,bc2
934,1249,115,bc2
936,1268,115,bc2
952,1276,116,bc2
960,1187,115,bc2
961,1236,115,bc2
971,1276,115,bc2
873,1246,116,bc2
873,1252,116,bc2
876,1227,116,bc2
877,1262,116,bc2
883,1244,116,bc2
885,1229,116,bc2
887,1250,116,bc2
898,1238,117,bc2
895,1229,117,bc2
898,1187,116,bc2
900,1214,116,bc2
911,1205,116,bc2
911,1222,116,bc2
917,1176,116,bc2
918,1275,116,bc2
922,1220,116,bc2
924,1291,116,bc2
928,1185,116,bc2
930,1223,116,bc2
934,1275,116,bc2
939,1219,117,bc2
953,1268,116,bc2
950,1248,119,bc2
959,1229,116,bc2
964,1210,116,bc2
966,1235,116,bc2
967,1204,116,bc2
967,1207,116,bc2
968,1242,116,bc2
877,1237,117,bc2
878,1205,117,bc2
884,1248,117,bc2
886,1206,117,bc2
889,1285,117,bc2
888,1193,117,bc2
890,1223,117,bc2
895,1266,117,bc2
899,1274,117,bc2
901,1195,117,bc2
903,1199,117,bc2
903,1279,117,bc2
904,1210,117,bc2
908,1206,117,bc2
909,1252,117,bc2
910,1278,117,bc2
923,1204,117,bc2
929,1228,117,bc2
929,1289,117,bc2
935,1286,117,bc2
928,1241,139,bc2
941,1283,117,bc2
946,1265,117,bc2
945,1194,118,bc2
968,1216,117,bc2
970,1277,117,bc2
976,1272,117,bc2
977,1246,117,bc2
979,1265,117,bc2
880,1278,118,bc2
881,1242,118,bc2
883,1230,118,bc2
883,1255,118,bc2
885,1268,118,bc2
891,1189,118,bc2
899,1175,118,bc2
899,1219,118,bc2
903,1193,118,bc2
911,1260,118,bc2
917,1227,119,bc2
913,1291,118,bc2
918,1193,118,bc2
921,1284,118,bc2
926,1271,118,bc2
929,1194,118,bc2
941,1280,118,bc2
942,1261,118,bc2
948,1182,118,bc2
950,1289,119,bc2
953,1231,118,bc2
958,1277,118,bc2
959,1269,118,bc2
961,1232,118,bc2
963,1194,118,bc2
964,1281,118,bc2
967,1232,118,bc2
970,1226,118,bc2
970,1186,118,bc2
864,1231,120,bc2
873,1246,119,bc2
883,1250,119,bc2
887,1263,119,bc2
890,1250,119,bc2
901,1224,119,bc2
902,1263,119,bc2
907,1181,119,bc2
906,1199,119,bc2
906,1221,119,bc2
912,1196,119,bc2
917,1207,119,bc2
917,1276,119,bc2
921,1200,119,bc2
933,1248,121,bc2
933,1193,119,bc2
933,1274,119,bc2
935,1200,119,bc2
945,1279,119,bc2
952,1268,119,bc2
958,1218,119,bc2
961,1216,119,bc2
967,1290,119,bc2
968,1265,120,bc2
877,1248,120,bc2
885,1216,123,bc2
878,1244,120,bc2
879,1277,120,bc2
880,1282,120,bc2
890,1280,120,bc2
892,1266,120,bc2
897,1270,120,bc2
897,1290,120,bc2
898,1254,120,bc2
902,1207,120,bc2
903,1176,120,bc2
905,1185,120,bc2
908,1192,120,bc2
911,1204,120,bc2
918,1175,120,bc2
920,1211,120,bc2
929,1278,120,bc2
936,1279,120,bc2
939,1180,120,bc2
941,1184,120,bc2
941,1255,120,bc2
942,1268,120,bc2
959,1282,120,bc2
962,1229,120,bc2
966,1231,120,bc2
970,1252,120,bc2
967,1277,120,bc2
977,1238,120,bc2
976,1276,120,bc2
871,1247,121,bc2
875,1235,121,bc2
879,1235,121,bc2
886,1180,121,bc2
888,1254,121,bc2
891,1292,121,bc2
896,1284,121,bc2
900,1217,121,bc2
901,1279,121,bc2
904,1198,121,bc2
906,1202,121,bc2
906,1212,121,bc2
916,1280,121,bc2
928,1176,121,bc2
946,1258,121,bc2
952,1259,121,bc2
961,1276,121,bc2
973,1224,121,bc2
866,1263,122,bc2
870,1256,122,bc2
877,1243,122,bc2
878,1237,122,bc2
886,1199,122,bc2
892,1193,122,bc2
896,1266,122,bc2
896,1293,122,bc2
898,1191,122,bc2
900,1182,122,bc2
900,1261,122,bc2
903,1288,122,bc2
913,1293,122,bc2
932,1284,122,bc2
935,1276,122,bc2
944,1237,122,bc2
947,1286,123,bc2
962,1201,122,bc2
967,1288,124,bc2
975,1230,122,bc2
982,1279,122,bc2
863,1284,123,bc2
880,1252,123,bc2
892,1238,123,bc2
891,1292,123,bc2
902,1221,123,bc2
943,1181,123,bc2
965,1238,123,bc2
965,1194,123,bc2
870,1241,124,bc2
892,1257,124,bc2
935,1234,124,bc2
943,1194,124,bc2
946,1184,124,bc2
967,1219,124,bc2
977,1246,128,bc2
974,1276,125,bc2
888,1230,125,bc2
887,1282,125,bc2
894,1235,125,bc2
896,1264,128,bc2
920,1171,125,bc2
958,1231,125,bc2
966,1208,125,bc2
971,1210,125,bc2
975,1207,125,bc2
978,1287,125,bc2
863,1245,126,bc2
883,1288,127,bc2
888,1221,127,bc2
901,1257,127,bc2
913,1171,126,bc2
938,1186,126,bc2
948,1257,126,bc2
959,1241,126,bc2
960,1237,126,bc2
967,1206,126,bc2
968,1213,126,bc2
977,1218,126,bc2
985,1291,127,bc2
892,1293,127,bc2
952,1181,127,bc2
954,1279,127,bc2
956,1187,127,bc2
957,1274,127,bc2
962,1189,127,bc2
966,1239,127,bc2
973,1201,127,bc2
979,1259,127,bc2
984,1238,127,bc2
986,1271,127,bc2
886,1203,130,bc2
887,1274,128,bc2
950,1210,129,bc2
952,1272,128,bc2
960,1273,128,bc2
965,1228,129,bc2
971,1282,128,bc2
972,1220,128,bc2
987,1257,128,bc2
868,1230,129,bc2
875,1240,129,bc2
890,1292,129,bc2
907,1264,129,bc2
910,1174,130,bc2
936,1293,129,bc2
942,1199,129,bc2
960,1208,129,bc2
960,1287,129,bc2
971,1204,129,bc2
977,1272,129,bc2
977,1205,129,bc2
981,1226,129,bc2
878,1215,131,bc2
886,1192,130,bc2
889,1226,130,bc2
889,1286,130,bc2
936,1235,130,bc2
947,1256,130,bc2
946,1187,130,bc2
953,1270,130,bc2
962,1282,130,bc2
963,1291,130,bc2
968,1279,130,bc2
973,1216,130,bc2
982,1270,130,bc2
989,1222,130,bc2
876,1280,131,bc2
877,1225,131,bc2
881,1227,131,bc2
890,1272,131,bc2
911,1182,131,bc2
948,1276,131,bc2
951,1260,131,bc2
953,1292,131,bc2
958,1277,131,bc2
961,1285,131,bc2
963,1271,131,bc2
972,1273,131,bc2
974,1262,132,bc2
871,1227,135,bc2
887,1197,132,bc2
954,1270,132,bc2
956,1279,132,bc2
956,1284,132,bc2
957,1274,132,bc2
961,1271,132,bc2
972,1202,132,bc2
867,1242,133,bc2
871,1268,133,bc2
872,1266,133,bc2
878,1288,133,bc2
938,1177,133,bc2
945,1178,133,bc2
962,1257,133,bc2
963,1283,133,bc2
991,1237,133,bc2
874,1216,134,bc2
879,1209,136,bc2
899,1182,135,bc2
915,1186,134,bc2
970,1199,134,bc2
974,1233,134,bc2
977,1274,134,bc2
978,1239,134,bc2
984,1260,134,bc2
885,1266,135,bc2
889,1268,135,bc2
907,1211,135,bc2
955,1283,135,bc2
967,1264,135,bc2
996,1270,135,bc2
886,1204,136,bc2
886,1271,136,bc2
887,1278,136,bc2
898,1286,137,bc2
873,1201,137,bc2
876,1242,138,bc2
877,1276,137,bc2
881,1256,137,bc2
884,1211,137,bc2
886,1264,137,bc2
888,1191,137,bc2
963,1197,137,bc2
987,1250,137,bc2
881,1267,138,bc2
890,1196,138,bc2
896,1281,138,bc2
937,1182,139,bc2
954,1191,138,bc2
974,1235,138,bc2
883,1289,139,bc2
893,1187,139,bc2
965,1286,140,bc2
961,1205,139,bc2
968,1216,139,bc2
986,1246,140,bc2
865,1277,140,bc2
870,1283,140,bc2
878,1223,143,bc2
885,1276,141,bc2
909,1188,140,bc2
980,1287,140,bc2
999,1270,140,bc2
864,1259,141,bc2
867,1274,141,bc2
858,1272,144,bc2
870,1269,142,bc2
877,1236,142,bc2
892,1222,142,bc2
903,1192,142,bc2
867,1281,143,bc2
871,1248,143,bc2
880,1254,143,bc2
898,1244,144,bc2
899,1188,143,bc2
941,1293,143,bc2
953,1285,143,bc2
973,1254,145,bc2
986,1288,146,bc2
1016,1239,144,bc2
873,1261,144,bc2
875,1280,144,bc2
894,1208,144,bc2
925,1271,145,bc2
960,1197,144,bc2
871,1254,146,bc2
888,1252,145,bc2
888,1235,145,bc2
903,1290,145,bc2
951,1193,145,bc2
974,1289,145,bc2
982,1246,145,bc2
989,1245,145,bc2
866,1263,146,bc2
869,1274,146,bc2
878,1256,146,bc2
887,1238,146,bc2
890,1236,146,bc2
894,1221,146,bc2
946,1195,146,bc2
988,1253,146,bc2
992,1257,146,bc2
996,1263,146,bc2
953,1203,148,bc2
959,1291,147,bc2
878,1264,148,bc2
879,1291,148,bc2
885,1290,149,bc2
887,1219,148,bc2
905,1289,148,bc2
955,1279,148,bc2
957,1210,149,bc2
968,1288,148,bc2
868,1292,149,bc2
881,1280,149,bc2
881,1243,149,bc2
917,1273,149,bc2
920,1213,149,bc2
932,1291,149,bc2
935,1283,149,bc2
957,1287,149,bc2
968,1214,149,bc2
972,1242,149,bc2
986,1246,149,bc2
888,1282,151,bc2
892,1227,150,bc2
924,1212,150,bc2
949,1287,150,bc2
950,1280,150,bc2
955,1293,150,bc2
970,1250,150,bc2
890,1235,151,bc2
890,1232,151,bc2
900,1282,151,bc2
901,1287,151,bc2
905,1206,151,bc2
907,1282,153,bc2
915,1281,151,bc2
932,1222,151,bc2
950,1216,151,bc2
980,1287,151,bc2
873,992,153,bc2
882,1284,152,bc2
906,1213,152,bc2
912,1292,154,bc2
913,1256,152,bc2
938,1264,153,bc2
942,1289,152,bc2
970,1225,152,bc2
971,1254,152,bc2
977,1230,152,bc2
900,1225,153,bc2
944,1199,153,bc2
945,1275,153,bc2
954,1195,153,bc2
964,1217,153,bc2
972,1258,153,bc2
973,1236,153,bc2
975,1244,153,bc2
878,995,154,bc2
886,1277,154,bc2
897,1232,154,bc2
900,1284,154,bc2
899,1292,154,bc2
906,1244,154,bc2
908,1264,154,bc2
926,1220,154,bc2
940,1210,154,bc2
940,1287,154,bc2
943,1203,154,bc2
946,1205,154,bc2
946,1210,154,bc2
953,1208,154,bc2
954,1285,154,bc2
958,1210,154,bc2
959,1284,154,bc2
961,1202,154,bc2
962,1218,154,bc2
964,1222,154,bc2
968,1230,154,bc2
969,1236,154,bc2
969,1251,154,bc2
976,1234,154,bc2
977,1240,154,bc2
890,1227,155,bc2
895,1203,155,bc2
917,1279,155,bc2
927,1289,155,bc2
930,1194,155,bc2
931,1228,155,bc2
932,1284,155,bc2
937,1202,155,bc2
938,1239,155,bc2
940,1235,155,bc2
939,1279,155,bc2
945,1239,155,bc2
945,1282,155,bc2
947,1290,155,bc2
961,1211,155,bc2
971,1228,155,bc2
972,1240,155,bc2
900,1210,156,bc2
905,1210,156,bc2
917,1257,156,bc2
921,1205,156,bc2
922,1198,156,bc2
923,1193,156,bc2
924,1221,156,bc2
924,1214,156,bc2
925,1270,156,bc2
926,1191,156,bc2
927,1212,156,bc2
929,1198,156,bc2
937,1227,156,bc2
948,1278,156,bc2
952,1267,156,bc2
951,1293,156,bc2
964,1208,156,bc2
964,1224,156,bc2
967,1217,156,bc2
969,1253,156,bc2
968,1259,156,bc2
970,1210,156,bc2
970,1258,156,bc2
974,1269,156,bc2
975,1247,156,bc2
975,1257,156,bc2
977,1252,156,bc2
929,1217,157,bc2
934,1211,158,bc2
945,1293,158,bc2
945,1196,157,bc2
947,1285,157,bc2
952,1209,157,bc2
955,1278,157,bc2
958,1269,157,bc2
961,1217,157,bc2
964,1257,157,bc2
966,1251,157,bc2
968,1234,157,bc2
969,1247,157,bc2
974,1251,157,bc2
895,1231,158,bc2
905,1267,158,bc2
910,1271,158,bc2
912,1213,158,bc2
911,1247,158,bc2
912,1252,158,bc2
913,1277,158,bc2
915,1202,158,bc2
919,1217,158,bc2
919,1277,158,bc2
927,1285,158,bc2
932,1208,158,bc2
932,1270,158,bc2
932,1279,158,bc2
937,1271,158,bc2
939,1210,158,bc2
940,1203,158,bc2
941,1275,158,bc2
942,1242,158,bc2
944,1210,158,bc2
946,1212,158,bc2
948,1203,158,bc2
962,1280,158,bc2
964,1268,158,bc2
964,1284,158,bc2
965,1223,158,bc2
966,1247,158,bc2
968,1230,159,bc2
969,1277,158,bc2
975,1241,158,bc2
976,1262,158,bc2
895,1276,159,bc2
895,1268,159,bc2
899,1288,159,bc2
904,1223,159,bc2
905,1245,159,bc2
910,1291,159,bc2
913,1206,159,bc2
917,1222,159,bc2
919,1264,159,bc2
921,1210,159,bc2
925,1268,159,bc2
928,1212,159,bc2
930,1217,159,bc2
939,1212,159,bc2
939,1220,160,bc2
941,1293,159,bc2
942,1268,159,bc2
950,1206,160,bc2
951,1285,159,bc2
954,1203,159,bc2
954,1266,159,bc2
954,1278,159,bc2
957,1263,159,bc2
958,1211,159,bc2
967,1221,159,bc2
967,1235,159,bc2
968,1279,159,bc2
970,1259,159,bc2
971,1246,159,bc2
890,1265,160,bc2
894,1229,160,bc2
900,1273,160,bc2
901,1233,160,bc2
903,1265,160,bc2
905,1214,160,bc2
908,1225,160,bc2
908,1281,160,bc2
909,1239,160,bc2
910,1211,160,bc2
910,1256,160,bc2
912,1216,160,bc2
912,1251,160,bc2
913,1259,160,bc2
916,1210,160,bc2
917,1285,160,bc2
919,1224,160,bc2
923,1283,160,bc2
927,1227,160,bc2
926,1250,160,bc2
926,1276,160,bc2
928,1261,160,bc2
929,1198,160,bc2
930,1204,160,bc2
932,1244,160,bc2
932,1273,160,bc2
932,1287,160,bc2
933,1214,160,bc2
934,1234,160,bc2
937,1209,160,bc2
937,1206,160,bc2
938,1241,160,bc2
938,1262,160,bc2
939,1257,160,bc2
940,1243,160,bc2
942,1282,160,bc2
943,1261,160,bc2
944,1287,160,bc2
945,1231,160,bc2
947,1210,160,bc2
954,1274,160,bc2
954,1214,160,bc2
959,1230,160,bc2
960,1286,160,bc2
960,1211,160,bc2
962,1258,160,bc2
964,1217,160,bc2
965,1253,160,bc2
965,1277,160,bc2
977,1256,160,bc2
890,1229,161,bc2
889,1251,161,bc2
892,1242,161,bc2
898,1248,161,bc2
900,1264,161,bc2
902,1217,161,bc2
906,1237,161,bc2
907,1267,161,bc2
907,1278,161,bc2
911,1270,161,bc2
911,1203,161,bc2
915,1282,161,bc2
916,1276,161,bc2
921,1217,161,bc2
921,1244,161,bc2
924,1269,161,bc2
925,1258,161,bc2
927,1282,161,bc2
930,1277,161,bc2
931,1238,161,bc2
933,1257,161,bc2
933,1281,161,bc2
934,1285,161,bc2
937,1243,161,bc2
937,1225,161,bc2
939,1270,161,bc2
943,1207,161,bc2
943,1269,161,bc2
948,1251,162,bc2
948,1271,161,bc2
949,1236,161,bc2
949,1276,161,bc2
950,1218,161,bc2
953,1208,161,bc2
959,1268,161,bc2
962,1223,161,bc2
964,1246,161,bc2
964,1270,161,bc2
969,1241,161,bc2
890,1265,162,bc2
897,1240,162,bc2
897,1251,162,bc2
900,1280,162,bc2
905,1272,162,bc2
910,1231,162,bc2
911,1210,162,bc2
911,1257,162,bc2
912,1260,162,bc2
913,1267,162,bc2
915,1234,162,bc2
914,1276,162,bc2
918,1263,162,bc2
919,1290,162,bc2
922,1274,162,bc2
924,1239,162,bc2
925,1205,162,bc2
926,1223,162,bc2
934,1222,162,bc2
935,1269,162,bc2
937,1236,162,bc2
939,1286,162,bc2
940,1278,162,bc2
946,1276,162,bc2
947,1223,162,bc2
948,1205,162,bc2
951,1229,162,bc2
951,1271,162,bc2
955,1221,162,bc2
959,1226,162,bc2
959,1257,162,bc2
959,1271,162,bc2
962,1263,162,bc2
962,1270,162,bc2
967,1235,162,bc2
896,1271,163,bc2
902,1231,163,bc2
901,1252,163,bc2
905,1261,163,bc2
912,1226,163,bc2
913,1241,163,bc2
918,1219,163,bc2
918,1254,163,bc2
919,1246,163,bc2
919,1260,163,bc2
921,1264,163,bc2
923,1227,163,bc2
929,1264,163,bc2
930,1256,163,bc2
932,1243,163,bc2
934,1209,163,bc2
934,1277,163,bc2
942,1244,163,bc2
944,1230,163,bc2
947,1258,163,bc2
950,1235,163,bc2
952,1261,163,bc2
955,1226,163,bc2
957,1265,163,bc2
964,1249,163,bc2
965,1256,163,bc2
1276,1255,164,bc2
893,1262,164,bc2
896,1248,164,bc2
901,1266,164,bc2
906,1243,164,bc2
905,1266,164,bc2
912,1267,164,bc2
916,1276,164,bc2
918,1250,164,bc2
921,1236,164,bc2
922,1256,164,bc2
925,1255,164,bc2
931,1220,165,bc2
936,1244,164,bc2
937,1266,164,bc2
939,1273,164,bc2
942,1254,164,bc2
942,1213,164,bc2
943,1241,164,bc2
944,1233,164,bc2
948,1271,164,bc2
952,1266,164,bc2
954,1247,164,bc2
954,1272,164,bc2
956,1270,164,bc2
902,1256,165,bc2
909,1241,165,bc2
914,1235,165,bc2
914,1245,165,bc2
920,1241,165,bc2
921,1217,165,bc2
921,1246,165,bc2
923,1268,165,bc2
927,1240,165,bc2
926,1248,165,bc2
934,1254,165,bc2
934,1262,165,bc2
936,1235,165,bc2
936,1247,165,bc2
946,1255,165,bc2
947,1211,165,bc2
949,1227,165,bc2
956,1233,165,bc2
958,1229,165,bc2
908,1233,166,bc2
909,1263,166,bc2
916,1243,166,bc2
934,1269,166,bc2
943,1229,166,bc2
951,1251,166,bc2
955,1227,166,bc2
959,1244,166,bc2
958,1254,166,bc2
907,1261,167,bc2
917,1227,167,bc2
918,1255,167,bc2
924,1239,167,bc2
925,1235,167,bc2
933,1223,167,bc2
934,1231,167,bc2
940,1241,167,bc2
948,1246,167,bc2
951,1233,167,bc2
953,1245,167,bc2
942,1246,168,bc2
954,1237,168,bc2
1180,1285,179,bc2
1185,1293,180,bc2
1192,1291,180,bc2
1221,1283,181,bc2
1225,1282,181,bc2
1231,1278,181,bc2
1289,1227,181,bc2
1129,1226,185,bc2
1196,1147,187,bc2
1182,1154,191,bc2
1191,1155,191,bc2
1175,1152,191,bc2
1187,1157,201,bc2
946,1279,235,bc2
956,1282,235,bc2
962,1280,238,bc2
1068,1364,5,bc2
1037,1420,48,bc2
1049,1398,48,bc2
738,1307,69,bc2
748,1312,67,bc2
765,1313,71,bc2
769,1309,75,bc2
769,1298,76,bc2
865,1546,92,bc2
915,1458,98,bc2
918,1448,99,bc2
672,1632,103,bc2
722,1560,110,bc2
1031,1945,109,bc2
893,1302,115,bc2
903,1857,117,bc2
925,1314,116,bc2
937,1295,116,bc2
994,1319,116,bc2
898,1855,117,bc2
912,1296,117,bc2
932,1303,117,bc2
886,1873,118,bc2
899,1305,118,bc2
934,1298,118,bc2
960,1301,118,bc2
1039,1901,118,bc2
1054,1916,118,bc2
886,1323,120,bc2
922,1297,119,bc2
929,1305,119,bc2
1047,1914,119,bc2
877,1321,120,bc2
893,1295,120,bc2
903,1300,120,bc2
912,1295,120,bc2
920,1303,120,bc2
932,1302,120,bc2
892,1324,123,bc2
893,1331,121,bc2
897,1301,121,bc2
897,1855,122,bc2
905,1333,123,bc2
904,1297,121,bc2
911,1305,121,bc2
919,1295,121,bc2
920,1924,123,bc2
928,1302,121,bc2
967,1295,121,bc2
913,1337,122,bc2
918,1299,122,bc2
920,1343,122,bc2
937,1361,122,bc2
950,1295,122,bc2
948,1342,122,bc2
975,1305,122,bc2
844,1680,123,bc2
875,1337,123,bc2
917,1322,123,bc2
930,1306,123,bc2
945,1312,123,bc2
960,1302,125,bc2
994,1299,123,bc2
873,1309,124,bc2
879,1294,124,bc2
906,1864,124,bc2
945,1331,126,bc2
944,1305,124,bc2
959,1887,124,bc2
973,1300,124,bc2
886,1297,125,bc2
900,1311,126,bc2
929,1374,127,bc2
924,1300,128,bc2
931,1932,125,bc2
952,1886,125,bc2
847,1678,128,bc2
915,1376,126,bc2
920,1360,128,bc2
984,1294,127,bc2
788,1841,128,bc2
848,1686,127,bc2
885,1296,127,bc2
887,1304,128,bc2
977,1304,128,bc2
881,1347,129,bc2
899,1294,129,bc2
911,1337,130,bc2
905,1349,128,bc2
907,1306,128,bc2
941,1300,128,bc2
942,1296,128,bc2
1054,1941,129,bc2
789,1818,129,bc2
800,1853,131,bc2
883,1356,129,bc2
888,1295,129,bc2
894,1333,129,bc2
901,1345,129,bc2
904,1321,129,bc2
912,1323,129,bc2
941,1374,129,bc2
953,1295,129,bc2
761,1849,131,bc2
901,1327,130,bc2
904,1302,130,bc2
939,1297,131,bc2
949,1304,130,bc2
964,1301,130,bc2
756,1841,131,bc2
765,1843,131,bc2
805,1836,132,bc2
892,1328,131,bc2
896,1381,131,bc2
906,1312,133,bc2
904,1295,133,bc2
913,1329,132,bc2
927,1548,132,bc2
928,1364,131,bc2
937,1561,131,bc2
799,1829,132,bc2
833,1600,132,bc2
883,1342,132,bc2
899,1405,133,bc2
899,1321,132,bc2
916,1553,133,bc2
924,1378,133,bc2
929,1313,132,bc2
940,1349,132,bc2
942,1299,132,bc2
946,1304,132,bc2
789,1825,134,bc2
855,1483,133,bc2
887,1295,134,bc2
902,1398,133,bc2
920,1323,133,bc2
940,1304,133,bc2
757,1841,135,bc2
836,1630,134,bc2
889,1380,134,bc2
890,1404,134,bc2
892,1362,135,bc2
901,1394,134,bc2
917,1296,140,bc2
922,1313,134,bc2
952,1327,136,bc2
958,1681,134,bc2
961,1306,134,bc2
965,1304,134,bc2
824,1636,136,bc2
839,1644,136,bc2
861,1441,135,bc2
872,1622,138,bc2
870,1305,136,bc2
918,1313,135,bc2
927,1306,135,bc2
935,1299,135,bc2
821,1646,136,bc2
863,1626,137,bc2
886,1559,136,bc2
891,1411,136,bc2
893,1558,136,bc2
891,1548,138,bc2
905,1378,136,bc2
931,1302,136,bc2
935,1307,136,bc2
942,1309,136,bc2
955,1300,137,bc2
779,1738,138,bc2
876,1418,138,bc2
884,1416,137,bc2
887,1307,137,bc2
890,1350,137,bc2
891,1312,137,bc2
988,1294,138,bc2
818,1649,140,bc2
874,1365,138,bc2
882,1570,138,bc2
917,1331,138,bc2
934,1319,138,bc2
938,1296,138,bc2
772,1741,139,bc2
867,1418,141,bc2
883,1698,139,bc2
890,1329,139,bc2
907,1320,139,bc2
908,1324,139,bc2
943,1309,142,bc2
767,1741,140,bc2
829,1628,140,bc2
872,1333,140,bc2
887,1298,140,bc2
907,1381,140,bc2
921,1411,140,bc2
924,1327,140,bc2
927,1406,140,bc2
929,1355,140,bc2
939,1302,140,bc2
944,1326,142,bc2
959,1309,140,bc2
837,1640,141,bc2
837,1632,141,bc2
877,1435,141,bc2
897,1460,141,bc2
901,1327,143,bc2
912,1326,142,bc2
920,1309,141,bc2
920,1347,141,bc2
924,1311,143,bc2
932,1329,143,bc2
934,1311,141,bc2
973,1315,141,bc2
905,1314,142,bc2
930,1294,142,bc2
928,1304,142,bc2
934,1306,142,bc2
938,1297,142,bc2
954,1299,142,bc2
960,1305,142,bc2
961,1309,142,bc2
822,1643,143,bc2
829,1636,143,bc2
908,1322,143,bc2
914,1318,143,bc2
918,1352,143,bc2
945,1334,143,bc2
966,1335,143,bc2
814,1769,144,bc2
822,1772,144,bc2
859,1300,144,bc2
865,1304,144,bc2
889,1300,144,bc2
896,1301,144,bc2
933,1323,144,bc2
958,1316,144,bc2
972,1296,144,bc2
789,1644,145,bc2
883,1300,145,bc2
897,1315,145,bc2
898,1306,145,bc2
904,1311,145,bc2
928,1323,145,bc2
942,1295,145,bc2
646,1706,146,bc2
794,1648,147,bc2
810,1641,146,bc2
902,1307,147,bc2
922,1323,148,bc2
926,1332,146,bc2
960,1303,146,bc2
620,1684,147,bc2
652,1711,148,bc2
869,1330,148,bc2
900,1314,147,bc2
931,1336,147,bc2
941,1335,147,bc2
951,1318,147,bc2
963,1333,148,bc2
619,1699,149,bc2
647,1701,148,bc2
799,1617,148,bc2
800,1627,148,bc2
801,1647,148,bc2
905,1328,150,bc2
908,1311,148,bc2
909,1303,148,bc2
913,1309,148,bc2
914,1409,148,bc2
930,1311,150,bc2
939,1298,148,bc2
952,1304,148,bc2
968,1294,148,bc2
991,1488,148,bc2
614,1691,149,bc2
635,1702,149,bc2
805,1630,149,bc2
885,1294,149,bc2
885,1298,149,bc2
885,1348,149,bc2
893,1316,151,bc2
903,1298,150,bc2
911,1317,150,bc2
938,1323,150,bc2
935,1296,149,bc2
943,1311,151,bc2
947,1294,149,bc2
952,1328,149,bc2
629,1702,150,bc2
891,1345,150,bc2
897,1295,150,bc2
921,1333,150,bc2
949,1326,150,bc2
879,1309,152,bc2
907,1308,153,bc2
940,1300,151,bc2
945,1328,151,bc2
945,1335,151,bc2
624,1696,152,bc2
871,1302,152,bc2
909,1295,153,bc2
927,1326,152,bc2
936,1303,152,bc2
945,1324,153,bc2
874,1296,153,bc2
892,1302,153,bc2
895,1322,155,bc2
918,1309,153,bc2
929,1332,153,bc2
932,1296,153,bc2
951,1333,153,bc2
914,1304,154,bc2
919,1295,154,bc2
949,1313,155,bc2
913,1315,155,bc2
931,1303,155,bc2
1097,1846,156,bc2
907,1332,157,bc2
913,1329,157,bc2
921,1324,158,bc2
926,1294,157,bc2
940,1300,157,bc2
703,1798,158,bc2
917,1299,158,bc2
931,1303,158,bc2
907,1304,159,bc2
915,1303,159,bc2
919,1294,159,bc2
904,1294,160,bc2
912,1298,160,bc2
926,1328,160,bc2
1066,1379,164,bc2
1069,1377,164,bc2
1079,1392,166,bc2
1022,1393,166,bc2
1061,1375,165,bc2
1072,1386,165,bc2
1076,1381,165,bc2
1084,1372,166,bc2
1088,1370,166,bc2
1029,1471,167,bc2
1062,1380,167,bc2
1103,1397,168,bc2
931,1446,169,bc2
1024,1466,168,bc2
1048,1405,168,bc2
1064,1385,169,bc2
1069,1380,168,bc2
639,1797,169,bc2
1026,1460,169,bc2
929,1438,171,bc2
946,1440,170,bc2
977,1540,171,bc2
993,1536,172,bc2
1178,1669,173,bc2
1186,1687,173,bc2
1180,1655,174,bc2
1238,1494,174,bc2
1251,1502,174,bc2
1261,1501,174,bc2
710,1582,175,bc2
1188,1353,177,bc2
1195,1372,176,bc2
821,1556,176,bc2
1206,1368,176,bc2
1207,1358,176,bc2
1208,1361,176,bc2
1219,1304,176,bc2
1221,1299,176,bc2
987,1537,178,bc2
993,1547,177,bc2
1205,1380,177,bc2
614,1760,179,bc2
795,1780,178,bc2
1193,1345,178,bc2
1208,1363,178,bc2
1213,1336,178,bc2
1250,1368,179,bc2
839,1570,179,bc2
992,1546,179,bc2
994,1534,179,bc2
996,1543,179,bc2
1189,1366,179,bc2
850,1560,180,bc2
853,1552,180,bc2
998,1547,181,bc2
1194,1343,180,bc2
835,1576,181,bc2
910,1524,181,bc2
985,1667,183,bc2
994,1666,181,bc2
1250,1378,181,bc2
920,1559,182,bc2
1187,1349,182,bc2
1196,1354,183,bc2
1046,1323,184,bc2
1189,1356,184,bc2
1194,1358,184,bc2
781,1742,186,bc2
1062,1420,187,bc2
770,1746,187,bc2
1057,1413,188,bc2
1045,1437,197,bc2
1233,1383,199,bc2
959,1296,233,bc2
964,1298,236,bc2
953,1302,238,bc2
1066,2173,107,bc2
1085,2206,108,bc2
941,1992,124,bc2
801,2364,139,bc2
732,2003,192,bc2
828,2103,278,bc2
836,2095,277,bc2
834,2105,278,bc2
1331,1263,174,bc2
1394,1151,179,bc2
1301,1224,180,bc2
1301,1239,181,bc2
1697,2713,322,bc2
2109,1368,249,bc2
